标题,链接
如何彻底禁用搜狗输入法的旺仔AI？ - 知乎,https://www.zhihu.com/question/1903860201389548284
有没有大佬帮我解释一下AI infra到底是干啥的？ - 知乎,https://www.zhihu.com/question/4023337465
如何用AI工具制成PPT？ - 知乎,https://www.zhihu.com/question/15283971542
现在这些大模型，哪个在代码编写上表现的最好呀？ - 知乎,https://www.zhihu.com/question/11016066228
AI 技术的核心本质是什么？背后的技术原理有哪些？ - 知乎,https://www.zhihu.com/question/571427849
用哪些AI软件写python代码最好？ - 知乎,https://www.zhihu.com/question/1906332249625960991
2025年，哪个 vscode 中的 AI 编程插件最好用？ - 知乎,https://www.zhihu.com/question/8458695535/answers/updated
如何快速判断一篇文章是不是用ai写出来的? - 知乎,https://www.zhihu.com/question/1894792915605234641
多所高校毕业论文将检测 AI 率，论文的「AI 味」到底啥样 ...,https://www.zhihu.com/question/15169887147
从2025年来看，AI 泡沫是否会在一两年内破灭？ - 知乎,https://www.zhihu.com/question/1943070667252670985
